timestamp,device_id,stage,pressure,flow,acoustic,pH,tds,turbidity
2026-08-31T05:52:04.739971+00:00,ESP32_Node_1,LEAK,1.95,156,1.38,7.19,326,2.32
2026-08-31T05:52:09.123519+00:00,ESP32_Node_1,LEAK,1.94,152,1.32,7.23,325,2.07
2026-08-31T05:52:15.964238+00:00,ESP32_Node_1,NORMAL,2.45,117,0.75,7.21,323,2.06
2026-08-31T05:52:20.498925+00:00,ESP32_Node_1,NORMAL,2.43,122,0.75,7.16,316,1.81
2026-08-31T05:53:50.718794+00:00,ESP32_Node_1,NORMAL,2.56,116,0.79,7.21,296,2.04
2026-08-31T05:54:44.952062+00:00,ESP32_Node_1,EARLY_ANOMALY,2.25,129,0.96,7.17,326,2.39
2026-08-31T05:58:02.804404+00:00,ESP32_Node_1,EARLY_ANOMALY,2.31,124,1.07,7.23,313,2.37
2026-08-31T05:58:06.945396+00:00,ESP32_Node_1,EARLY_ANOMALY,2.31,130,1.03,7.18,330,2.58
2026-08-31T05:58:11.053613+00:00,ESP32_Node_1,EARLY_ANOMALY,2.27,126,1.02,7.24,319,2.69
2026-08-31T05:58:15.316698+00:00,ESP32_Node_1,EARLY_ANOMALY,2.24,128,1.02,7.15,331,2.37
2026-08-31T05:58:19.524775+00:00,ESP32_Node_1,EARLY_ANOMALY,2.35,123,0.92,7.24,320,2.32
2026-08-31T05:58:49.173603+00:00,ESP32_Node_1,LEAK,1.9,155,1.37,7.22,316,2.25
2026-08-31T06:02:03.302028+00:00,ESP32_Node_1,LEAK,1.8,147,1.4,7.21,302,2.34
2026-08-31T06:02:07.582826+00:00,ESP32_Node_1,LEAK,1.97,148,1.5,7.24,327,2.21
2026-08-31T06:02:11.733912+00:00,ESP32_Node_1,LEAK,1.92,142,1.35,7.23,315,2.4
2026-08-31T06:02:15.774903+00:00,ESP32_Node_1,LEAK,1.95,142,1.32,7.22,314,2.29
2026-08-31T06:02:19.684963+00:00,ESP32_Node_1,LEAK,1.95,156,1.42,7.22,312,2.34
2026-08-31T06:02:23.761702+00:00,ESP32_Node_1,SENSOR_FAULT,2.51,123,0.57,7.23,311,1.99
2026-08-31T06:02:27.857896+00:00,ESP32_Node_1,SENSOR_FAULT,2.56,119,1.02,7.24,317,1.82
2026-08-31T06:02:31.792787+00:00,ESP32_Node_1,SENSOR_FAULT,2.44,114,1.57,7.17,304,2.02
2026-08-31T06:02:35.856246+00:00,ESP32_Node_1,SENSOR_FAULT,2.4,116,0.5,7.15,310,1.99
2026-08-31T06:02:40.118544+00:00,ESP32_Node_1,SENSOR_FAULT,2.45,123,0.48,7.23,313,2.05
2026-08-31T06:02:44.101915+00:00,ESP32_Node_1,SENSOR_FAULT,2.59,120,0.89,7.25,297,1.82
2026-08-31T06:02:48.175550+00:00,ESP32_Node_1,NORMAL,2.48,117,0.81,7.16,298,1.87
2026-08-31T06:02:52.169493+00:00,ESP32_Node_1,NORMAL,2.4,122,0.77,7.16,315,1.93
2026-08-31T06:02:56.139556+00:00,ESP32_Node_1,NORMAL,2.41,123,0.75,7.17,316,2.19
2026-08-31T06:03:00.520837+00:00,ESP32_Node_1,NORMAL,2.46,120,0.83,7.23,308,2.11
2026-08-31T06:03:05.021427+00:00,ESP32_Node_1,NORMAL,2.55,121,0.85,7.15,313,2.07
2026-08-31T06:06:21.254521+00:00,ESP32_Node_1,NORMAL,2.42,115,0.82,7.24,318,2.2
2026-08-31T06:06:25.243592+00:00,ESP32_Node_1,EARLY_ANOMALY,2.32,129,1.07,7.25,316,2.41
2026-08-31T06:06:29.301830+00:00,ESP32_Node_1,EARLY_ANOMALY,2.34,125,0.96,7.18,307,2.6
2026-08-31T06:06:33.255499+00:00,ESP32_Node_1,EARLY_ANOMALY,2.39,124,1.06,7.22,330,2.33
2026-08-31T06:06:37.226769+00:00,ESP32_Node_1,EARLY_ANOMALY,2.29,126,1.06,7.2,328,2.6
2026-08-31T06:06:41.214504+00:00,ESP32_Node_1,EARLY_ANOMALY,2.23,131,0.96,7.17,313,2.36
2026-08-31T06:06:45.175326+00:00,ESP32_Node_1,EARLY_ANOMALY,2.38,130,1.0,7.24,328,2.4
2026-08-31T06:06:49.264404+00:00,ESP32_Node_1,LEAK,1.94,150,1.49,7.25,308,2.11
2026-08-31T06:06:53.282939+00:00,ESP32_Node_1,LEAK,1.88,153,1.43,7.25,319,2.36
2026-08-31T06:06:57.220274+00:00,ESP32_Node_1,LEAK,1.98,150,1.3,7.25,326,2.08
2026-08-31T06:07:01.205255+00:00,ESP32_Node_1,LEAK,1.81,150,1.48,7.16,318,2.01
2026-08-31T06:07:05.119439+00:00,ESP32_Node_1,LEAK,1.85,157,1.37,7.19,322,2.38
2026-08-31T06:07:09.236602+00:00,ESP32_Node_1,LEAK,1.86,148,1.38,7.18,328,2.23
2026-08-31T06:07:14.012950+00:00,ESP32_Node_1,SENSOR_FAULT,2.57,117,1.34,7.18,304,2.19
2026-08-31T06:07:18.497621+00:00,ESP32_Node_1,SENSOR_FAULT,2.55,121,0.26,7.24,310,1.85
2026-08-31T06:07:22.744213+00:00,ESP32_Node_1,SENSOR_FAULT,2.41,113,0.29,7.15,318,1.8
2026-08-31T06:07:26.817512+00:00,ESP32_Node_1,SENSOR_FAULT,2.53,113,1.12,7.2,312,2.09
2026-08-31T06:07:30.846717+00:00,ESP32_Node_1,SENSOR_FAULT,2.43,117,1.72,7.19,307,2.11
2026-08-31T06:07:31.327739+00:00,ESP32_Node_1,EARLY_ANOMALY,2.63,128.11,0.54,7.06,354.07,2.99
2026-08-31T06:07:34.857562+00:00,ESP32_Node_1,SENSOR_FAULT,2.54,119,1.47,7.25,299,2.01
2026-08-31T06:07:38.862673+00:00,ESP32_Node_1,NORMAL,2.6,121,0.77,7.19,312,1.97
2026-08-31T06:07:42.813594+00:00,ESP32_Node_1,NORMAL,2.45,115,0.8,7.17,300,2.0
2026-08-31T06:07:46.807815+00:00,ESP32_Node_1,NORMAL,2.54,118,0.85,7.25,314,1.95
2026-08-31T06:07:50.836991+00:00,ESP32_Node_1,NORMAL,2.49,118,0.79,7.19,321,2.04
2026-08-31T06:07:54.874172+00:00,ESP32_Node_1,NORMAL,2.56,121,0.77,7.24,297,1.88
2026-08-31T06:07:58.847328+00:00,ESP32_Node_1,NORMAL,2.5,116,0.77,7.24,307,1.87
2026-08-31T06:08:02.864798+00:00,ESP32_Node_1,EARLY_ANOMALY,2.31,124,0.98,7.24,313,2.4
2026-08-31T06:08:06.773056+00:00,ESP32_Node_1,EARLY_ANOMALY,2.21,123,0.96,7.2,311,2.35
2026-08-31T06:08:10.719971+00:00,ESP32_Node_1,EARLY_ANOMALY,2.26,128,1.01,7.21,321,2.59
2026-08-31T06:08:14.619441+00:00,ESP32_Node_1,EARLY_ANOMALY,2.26,129,1.06,7.18,324,2.34
2026-08-31T06:08:18.574173+00:00,ESP32_Node_1,EARLY_ANOMALY,2.22,130,0.96,7.16,315,2.42
2026-08-31T06:08:22.536361+00:00,ESP32_Node_1,EARLY_ANOMALY,2.34,124,1.07,7.24,315,2.64
2026-08-31T06:08:26.544967+00:00,ESP32_Node_1,LEAK,1.83,144,1.34,7.16,328,2.11
2026-08-31T06:08:30.501701+00:00,ESP32_Node_1,LEAK,1.99,156,1.5,7.25,313,2.34
2026-08-31T06:08:34.539820+00:00,ESP32_Node_1,LEAK,1.87,144,1.43,7.21,320,2.1
2026-08-31T06:08:38.478289+00:00,ESP32_Node_1,LEAK,1.82,158,1.41,7.18,308,2.37
2026-08-31T06:08:42.617866+00:00,ESP32_Node_1,LEAK,1.87,157,1.4,7.24,320,2.38
2026-08-31T06:08:46.551952+00:00,ESP32_Node_1,LEAK,1.83,142,1.32,7.16,305,2.24
2026-08-31T06:08:50.560497+00:00,ESP32_Node_1,SENSOR_FAULT,2.44,119,1.02,7.15,320,1.83
2026-08-31T06:08:54.586303+00:00,ESP32_Node_1,SENSOR_FAULT,2.5,116,1.05,7.22,300,1.96
2026-08-31T06:08:58.553861+00:00,ESP32_Node_1,SENSOR_FAULT,2.48,113,0.82,7.23,323,2.1
2026-08-31T06:09:02.504685+00:00,ESP32_Node_1,SENSOR_FAULT,2.5,117,1.07,7.16,319,2.17
2026-08-31T06:09:06.406132+00:00,ESP32_Node_1,SENSOR_FAULT,2.46,116,0.51,7.16,314,1.92
2026-08-31T06:09:10.374569+00:00,ESP32_Node_1,SENSOR_FAULT,2.58,113,1.39,7.16,301,2.13
2026-08-31T06:09:14.366909+00:00,ESP32_Node_1,NORMAL,2.55,116,0.76,7.23,310,2.17
2026-08-31T06:09:18.284370+00:00,ESP32_Node_1,NORMAL,2.59,122,0.81,7.2,301,1.91
2026-08-31T06:09:22.245826+00:00,ESP32_Node_1,NORMAL,2.44,121,0.81,7.23,306,2.17
2026-08-31T06:09:26.230575+00:00,ESP32_Node_1,NORMAL,2.57,121,0.77,7.15,317,1.82
2026-08-31T06:09:30.179987+00:00,ESP32_Node_1,NORMAL,2.46,121,0.8,7.19,318,1.9
2026-08-31T06:09:34.553547+00:00,ESP32_Node_1,NORMAL,2.56,123,0.82,7.22,322,1.86
2026-08-31T06:09:38.238569+00:00,ESP32_Node_1,EARLY_ANOMALY,2.21,128,1.08,7.15,314,2.36
2026-08-31T06:09:42.236827+00:00,ESP32_Node_1,EARLY_ANOMALY,2.26,129,1.0,7.19,335,2.61
2026-08-31T06:09:46.027842+00:00,ESP32_Node_1,EARLY_ANOMALY,2.39,123,0.94,7.15,317,2.32
2026-08-31T06:09:50.014464+00:00,ESP32_Node_1,EARLY_ANOMALY,2.36,128,0.96,7.25,320,2.43
2026-08-31T06:09:54.038621+00:00,ESP32_Node_1,EARLY_ANOMALY,2.22,125,1.06,7.22,330,2.69
2026-08-31T06:09:57.960332+00:00,ESP32_Node_1,EARLY_ANOMALY,2.25,125,1.07,7.16,333,2.65
2026-08-31T06:10:02.101528+00:00,ESP32_Node_1,LEAK,1.8,146,1.35,7.24,315,2.24
2026-08-31T06:10:05.928738+00:00,ESP32_Node_1,LEAK,1.84,152,1.47,7.2,306,2.28
2026-08-31T06:10:09.917158+00:00,ESP32_Node_1,LEAK,1.85,155,1.35,7.16,315,2.24
2026-08-31T06:10:13.886401+00:00,ESP32_Node_1,LEAK,1.91,153,1.38,7.16,311,2.23
2026-08-31T06:10:17.798734+00:00,ESP32_Node_1,LEAK,1.82,147,1.43,7.15,318,2.2
2026-08-31T06:10:21.856536+00:00,ESP32_Node_1,LEAK,1.87,154,1.43,7.17,325,2.33
2026-08-31T06:10:25.920552+00:00,ESP32_Node_1,SENSOR_FAULT,2.52,116,0.25,7.21,309,2.09
2026-08-31T06:10:29.878775+00:00,ESP32_Node_1,SENSOR_FAULT,2.5,114,1.25,7.21,318,1.97
2026-08-31T06:10:33.945907+00:00,ESP32_Node_1,SENSOR_FAULT,2.42,115,1.37,7.25,304,1.99
2026-08-31T06:10:37.942174+00:00,ESP32_Node_1,SENSOR_FAULT,2.51,123,0.8,7.23,306,1.96
2026-08-31T06:10:41.985773+00:00,ESP32_Node_1,SENSOR_FAULT,2.42,116,0.99,7.22,304,1.98
2026-08-31T06:10:45.984658+00:00,ESP32_Node_1,SENSOR_FAULT,2.53,117,0.21,7.19,295,2.07
2026-08-31T06:10:49.930833+00:00,ESP32_Node_1,NORMAL,2.57,114,0.75,7.2,325,1.96
2026-08-31T06:10:54.163614+00:00,ESP32_Node_1,NORMAL,2.57,121,0.76,7.24,296,1.96
2026-08-31T06:10:57.982519+00:00,ESP32_Node_1,NORMAL,2.44,114,0.81,7.21,318,1.82
2026-08-31T06:11:01.963301+00:00,ESP32_Node_1,NORMAL,2.56,121,0.84,7.18,309,2.17
2026-08-31T06:11:05.924109+00:00,ESP32_Node_1,NORMAL,2.55,117,0.81,7.19,324,2.16
2026-08-31T06:11:09.899351+00:00,ESP32_Node_1,NORMAL,2.49,119,0.76,7.16,298,2.2
2026-08-31T06:11:13.897623+00:00,ESP32_Node_1,EARLY_ANOMALY,2.22,125,0.98,7.18,308,2.45
2026-08-31T06:11:17.798567+00:00,ESP32_Node_1,EARLY_ANOMALY,2.34,123,1.07,7.2,332,2.45
2026-08-31T06:11:21.767071+00:00,ESP32_Node_1,EARLY_ANOMALY,2.35,123,1.0,7.23,313,2.69
2026-08-31T06:11:25.870287+00:00,ESP32_Node_1,EARLY_ANOMALY,2.32,123,0.95,7.15,318,2.62
2026-08-31T06:11:29.804985+00:00,ESP32_Node_1,EARLY_ANOMALY,2.32,133,1.03,7.19,305,2.55
2026-08-31T06:11:33.744491+00:00,ESP32_Node_1,EARLY_ANOMALY,2.22,123,0.97,7.23,321,2.34
2026-08-31T06:11:37.738170+00:00,ESP32_Node_1,LEAK,1.92,146,1.49,7.18,326,2.15
2026-08-31T06:11:41.699882+00:00,ESP32_Node_1,LEAK,1.93,142,1.47,7.22,311,2.21
2026-08-31T06:11:45.728824+00:00,ESP32_Node_1,LEAK,1.91,144,1.42,7.15,314,2.04
2026-08-31T06:11:49.624831+00:00,ESP32_Node_1,LEAK,1.83,157,1.44,7.25,326,2.34
2026-08-31T06:11:53.593598+00:00,ESP32_Node_1,LEAK,1.96,146,1.44,7.2,300,2.26
2026-08-31T06:11:57.606036+00:00,ESP32_Node_1,LEAK,1.96,156,1.45,7.15,313,2.23
2026-08-31T06:12:01.726575+00:00,ESP32_Node_1,SENSOR_FAULT,2.59,119,1.78,7.21,313,1.81
2026-08-31T06:12:05.596917+00:00,ESP32_Node_1,SENSOR_FAULT,2.47,117,1.57,7.16,310,2.0
2026-08-31T06:12:09.667007+00:00,ESP32_Node_1,SENSOR_FAULT,2.54,118,0.63,7.25,301,1.83
2026-08-31T06:12:13.628680+00:00,ESP32_Node_1,SENSOR_FAULT,2.48,115,1.5,7.23,310,1.86
2026-08-31T06:12:17.571239+00:00,ESP32_Node_1,SENSOR_FAULT,2.55,113,1.11,7.19,305,2.05
2026-08-31T06:12:21.564782+00:00,ESP32_Node_1,SENSOR_FAULT,2.49,119,1.36,7.15,321,1.88
2026-08-31T06:12:25.690780+00:00,ESP32_Node_1,NORMAL,2.42,118,0.83,7.18,296,1.84
2026-08-31T06:12:51.002176+00:00,ESP32_Node_1,NORMAL,2.5,123,0.76,7.17,310,1.82
2026-08-31T06:12:55.027250+00:00,ESP32_Node_1,NORMAL,2.47,114,0.84,7.2,325,2.08
2026-08-31T06:12:59.036293+00:00,ESP32_Node_1,NORMAL,2.59,120,0.76,7.23,305,2.11
2026-08-31T06:13:03.036592+00:00,ESP32_Node_1,NORMAL,2.4,123,0.83,7.19,325,2.18
2026-08-31T06:13:07.132357+00:00,ESP32_Node_1,NORMAL,2.58,123,0.82,7.16,312,1.92
2026-08-31T06:13:11.492460+00:00,ESP32_Node_1,EARLY_ANOMALY,2.37,127,0.95,7.19,315,2.49
2026-08-31T06:13:15.017182+00:00,ESP32_Node_1,EARLY_ANOMALY,2.25,130,0.93,7.21,330,2.38
2026-08-31T06:13:19.018290+00:00,ESP32_Node_1,EARLY_ANOMALY,2.23,133,0.96,7.17,335,2.68
2026-08-31T06:13:23.003930+00:00,ESP32_Node_1,EARLY_ANOMALY,2.31,131,0.95,7.19,322,2.65
2026-08-31T06:13:26.935439+00:00,ESP32_Node_1,EARLY_ANOMALY,2.21,130,1.04,7.17,334,2.62
2026-08-31T06:13:30.911353+00:00,ESP32_Node_1,EARLY_ANOMALY,2.23,133,1.04,7.19,315,2.41
2026-08-31T06:13:34.882644+00:00,ESP32_Node_1,LEAK,1.86,142,1.41,7.24,320,2.1
2026-08-31T06:13:38.843332+00:00,ESP32_Node_1,LEAK,2.0,152,1.36,7.24,327,2.04
2026-08-31T06:13:42.852255+00:00,ESP32_Node_1,LEAK,1.8,144,1.5,7.21,326,2.04
2026-08-31T06:13:46.976965+00:00,ESP32_Node_1,LEAK,1.96,153,1.47,7.24,317,2.37
2026-08-31T06:13:50.857168+00:00,ESP32_Node_1,LEAK,1.99,145,1.48,7.21,315,2.2
2026-08-31T06:13:54.952727+00:00,ESP32_Node_1,LEAK,1.99,147,1.41,7.18,314,2.19
2026-08-31T06:13:58.819640+00:00,ESP32_Node_1,SENSOR_FAULT,2.4,117,1.77,7.19,295,2.16
2026-08-31T06:14:02.812246+00:00,ESP32_Node_1,SENSOR_FAULT,2.42,119,1.52,7.15,318,2.2
2026-08-31T06:14:06.697516+00:00,ESP32_Node_1,SENSOR_FAULT,2.43,121,0.43,7.2,312,2.14
2026-08-31T06:14:10.649993+00:00,ESP32_Node_1,SENSOR_FAULT,2.44,123,1.33,7.25,321,2.09
2026-08-31T06:14:14.628636+00:00,ESP32_Node_1,SENSOR_FAULT,2.4,115,0.81,7.16,318,2.03
2026-08-31T06:14:18.664650+00:00,ESP32_Node_1,SENSOR_FAULT,2.55,123,1.2,7.18,313,1.99
2026-08-31T06:14:22.605302+00:00,ESP32_Node_1,NORMAL,2.48,122,0.75,7.21,311,2.03
2026-08-31T06:14:26.570744+00:00,ESP32_Node_1,NORMAL,2.42,116,0.83,7.19,315,1.99
2026-08-31T06:14:30.690129+00:00,ESP32_Node_1,NORMAL,2.58,119,0.84,7.15,319,1.98
2026-08-31T06:14:34.479017+00:00,ESP32_Node_1,NORMAL,2.56,113,0.8,7.23,324,2.01
2026-08-31T06:14:38.426031+00:00,ESP32_Node_1,NORMAL,2.42,116,0.8,7.24,303,2.03
2026-08-31T06:14:42.363619+00:00,ESP32_Node_1,NORMAL,2.46,121,0.75,7.2,297,1.82
2026-08-31T06:14:46.459783+00:00,ESP32_Node_1,EARLY_ANOMALY,2.22,126,1.0,7.19,331,2.33
2026-08-31T06:14:50.635135+00:00,ESP32_Node_1,EARLY_ANOMALY,2.27,125,0.96,7.23,309,2.46
2026-08-31T06:14:54.632055+00:00,ESP32_Node_1,EARLY_ANOMALY,2.29,133,0.98,7.15,335,2.48
2026-08-31T06:14:58.600194+00:00,ESP32_Node_1,EARLY_ANOMALY,2.28,129,0.95,7.15,312,2.54
2026-08-31T06:15:02.533075+00:00,ESP32_Node_1,EARLY_ANOMALY,2.4,128,0.93,7.21,327,2.47
2026-08-31T06:15:06.529925+00:00,ESP32_Node_1,EARLY_ANOMALY,2.3,123,0.92,7.23,306,2.53
2026-08-31T06:15:10.451857+00:00,ESP32_Node_1,LEAK,1.89,148,1.35,7.25,326,2.36
2026-08-31T06:15:14.531287+00:00,ESP32_Node_1,LEAK,1.94,147,1.43,7.16,306,2.05
2026-08-31T06:15:18.593479+00:00,ESP32_Node_1,LEAK,1.83,154,1.3,7.22,320,2.33
2026-08-31T06:15:22.606595+00:00,ESP32_Node_1,LEAK,1.83,143,1.36,7.18,316,2.07
2026-08-31T06:15:26.511697+00:00,ESP32_Node_1,LEAK,1.89,147,1.31,7.2,310,2.16
2026-08-31T06:15:30.472109+00:00,ESP32_Node_1,LEAK,1.94,143,1.31,7.2,307,2.05
2026-08-31T06:15:34.911123+00:00,ESP32_Node_1,SENSOR_FAULT,2.43,117,1.76,7.22,324,2.05
2026-08-31T06:15:38.420431+00:00,ESP32_Node_1,SENSOR_FAULT,2.55,121,1.11,7.18,319,1.99
2026-08-31T06:15:42.516353+00:00,ESP32_Node_1,SENSOR_FAULT,2.51,115,1.63,7.24,301,1.89
2026-08-31T06:15:46.552346+00:00,ESP32_Node_1,SENSOR_FAULT,2.46,118,1.08,7.16,296,1.99
2026-08-31T06:15:50.585823+00:00,ESP32_Node_1,SENSOR_FAULT,2.6,121,0.4,7.18,316,2.07
2026-08-31T06:15:54.574644+00:00,ESP32_Node_1,SENSOR_FAULT,2.49,116,0.8,7.24,308,1.93
2026-08-31T06:15:58.519054+00:00,ESP32_Node_1,NORMAL,2.53,115,0.79,7.23,319,1.95
2026-08-31T06:16:02.614790+00:00,ESP32_Node_1,NORMAL,2.49,114,0.82,7.16,300,1.84
2026-08-31T06:16:06.615714+00:00,ESP32_Node_1,NORMAL,2.6,123,0.79,7.19,322,1.91
2026-08-31T06:16:10.538457+00:00,ESP32_Node_1,NORMAL,2.41,117,0.81,7.17,319,1.98
2026-08-31T06:16:14.523261+00:00,ESP32_Node_1,NORMAL,2.56,116,0.81,7.19,323,1.92
2026-08-31T06:16:18.547340+00:00,ESP32_Node_1,NORMAL,2.48,113,0.78,7.18,320,2.06
2026-08-31T06:16:22.457527+00:00,ESP32_Node_1,EARLY_ANOMALY,2.38,127,1.04,7.25,311,2.56
2026-08-31T06:16:26.433986+00:00,ESP32_Node_1,EARLY_ANOMALY,2.21,124,1.01,7.19,332,2.56
2026-08-31T06:16:30.408598+00:00,ESP32_Node_1,EARLY_ANOMALY,2.36,130,1.04,7.17,320,2.51
2026-08-31T06:16:34.388516+00:00,ESP32_Node_1,EARLY_ANOMALY,2.29,129,0.93,7.24,313,2.52
2026-08-31T06:16:38.341361+00:00,ESP32_Node_1,EARLY_ANOMALY,2.38,127,1.01,7.16,308,2.64
2026-08-31T06:16:42.266980+00:00,ESP32_Node_1,EARLY_ANOMALY,2.23,123,1.0,7.21,309,2.38
2026-08-31T06:16:46.272869+00:00,ESP32_Node_1,LEAK,1.95,154,1.3,7.19,315,2.19
2026-08-31T06:16:50.362005+00:00,ESP32_Node_1,LEAK,1.83,145,1.35,7.23,329,2.07
2026-08-31T06:16:54.332607+00:00,ESP32_Node_1,LEAK,1.83,153,1.35,7.22,317,2.31
2026-08-31T06:16:58.268034+00:00,ESP32_Node_1,LEAK,1.97,153,1.38,7.2,303,2.23
2026-08-31T06:17:02.343024+00:00,ESP32_Node_1,LEAK,1.96,143,1.44,7.15,318,2.09
2026-08-31T06:17:06.289619+00:00,ESP32_Node_1,LEAK,1.92,147,1.34,7.15,306,2.23
2026-08-31T06:17:10.323623+00:00,ESP32_Node_1,SENSOR_FAULT,2.46,115,0.74,7.18,306,1.86
2026-08-31T06:36:51.852146+00:00,ESP32_Node_1,NORMAL,2.42,116,0.82,7.25,311,2.15
2026-08-31T06:36:55.803206+00:00,ESP32_Node_1,NORMAL,2.58,114,0.84,7.17,325,1.84
2026-08-31T06:36:59.674968+00:00,ESP32_Node_1,NORMAL,2.47,119,0.76,7.21,304,1.86
2026-08-31T06:37:03.603032+00:00,ESP32_Node_1,NORMAL,2.43,123,0.79,7.18,300,2.0
2026-08-31T06:37:07.538699+00:00,ESP32_Node_1,EARLY_ANOMALY,2.3,130,0.95,7.15,319,2.68
2026-08-31T06:37:12.217380+00:00,ESP32_Node_1,EARLY_ANOMALY,2.32,126,1.03,7.2,321,2.68
2026-08-31T06:37:16.690352+00:00,ESP32_Node_1,EARLY_ANOMALY,2.29,132,1.02,7.25,307,2.33
2026-08-31T06:37:21.272897+00:00,ESP32_Node_1,EARLY_ANOMALY,2.2,125,0.97,7.25,330,2.38
2026-08-31T06:37:25.348256+00:00,ESP32_Node_1,EARLY_ANOMALY,2.22,129,1.01,7.18,309,2.65
2026-08-31T06:37:29.423611+00:00,ESP32_Node_1,EARLY_ANOMALY,2.2,128,1.06,7.21,318,2.3
2026-08-31T06:37:33.712981+00:00,ESP32_Node_1,LEAK,1.99,152,1.41,7.23,312,2.4
2026-08-31T06:37:37.645327+00:00,ESP32_Node_1,LEAK,1.92,153,1.43,7.2,312,2.09
2026-08-31T06:37:41.713596+00:00,ESP32_Node_1,LEAK,1.95,152,1.33,7.21,314,2.06
2026-08-31T06:37:45.996131+00:00,ESP32_Node_1,LEAK,1.83,155,1.5,7.15,318,2.27
2026-08-31T06:37:50.066566+00:00,ESP32_Node_1,LEAK,1.95,147,1.37,7.2,324,2.18
2026-08-31T06:37:54.085855+00:00,ESP32_Node_1,LEAK,1.88,148,1.36,7.2,307,2.06
2026-08-31T06:37:58.237809+00:00,ESP32_Node_1,SENSOR_FAULT,2.46,120,0.4,7.21,322,1.9
2026-08-31T06:38:02.380187+00:00,ESP32_Node_1,SENSOR_FAULT,2.49,123,1.52,7.15,311,1.83
2026-08-31T06:38:06.480071+00:00,ESP32_Node_1,SENSOR_FAULT,2.54,120,1.67,7.21,313,2.0
2026-08-31T06:38:10.533734+00:00,ESP32_Node_1,SENSOR_FAULT,2.59,119,1.14,7.2,297,1.81
2026-08-31T06:38:14.668645+00:00,ESP32_Node_1,SENSOR_FAULT,2.53,121,0.88,7.18,309,1.97
2026-08-31T06:38:18.763851+00:00,ESP32_Node_1,SENSOR_FAULT,2.41,113,1.14,7.25,313,1.85
2026-08-31T06:38:22.859767+00:00,ESP32_Node_1,NORMAL,2.58,117,0.8,7.25,304,2.11
2026-08-31T06:38:26.895665+00:00,ESP32_Node_1,NORMAL,2.59,114,0.75,7.17,325,1.97
2026-08-31T06:38:30.949308+00:00,ESP32_Node_1,NORMAL,2.51,120,0.78,7.16,308,2.03
2026-08-31T06:38:34.942878+00:00,ESP32_Node_1,NORMAL,2.56,123,0.82,7.17,304,1.96
2026-08-31T06:38:39.141412+00:00,ESP32_Node_1,NORMAL,2.44,115,0.83,7.21,315,2.17
2026-08-31T06:38:43.134437+00:00,ESP32_Node_1,NORMAL,2.57,114,0.77,7.19,309,1.96
2026-08-31T06:38:47.238629+00:00,ESP32_Node_1,EARLY_ANOMALY,2.36,133,1.01,7.22,311,2.31
2026-08-31T06:38:51.291515+00:00,ESP32_Node_1,EARLY_ANOMALY,2.26,125,1.04,7.19,306,2.65
2026-08-31T06:38:55.423013+00:00,ESP32_Node_1,EARLY_ANOMALY,2.38,125,1.02,7.25,325,2.4
2026-08-31T06:38:59.620987+00:00,ESP32_Node_1,EARLY_ANOMALY,2.39,127,0.98,7.15,332,2.49
2026-08-31T06:39:03.614932+00:00,ESP32_Node_1,EARLY_ANOMALY,2.37,126,1.06,7.19,326,2.55
2026-08-31T06:39:07.616889+00:00,ESP32_Node_1,EARLY_ANOMALY,2.21,130,0.93,7.18,307,2.36
2026-08-31T06:39:11.697088+00:00,ESP32_Node_1,LEAK,1.9,147,1.35,7.17,308,2.06
2026-08-31T06:39:15.731382+00:00,ESP32_Node_1,LEAK,1.92,148,1.43,7.15,324,2.11
2026-08-31T06:39:19.793808+00:00,ESP32_Node_1,LEAK,1.91,144,1.44,7.21,304,2.0
2026-08-31T06:39:23.889648+00:00,ESP32_Node_1,LEAK,1.81,148,1.33,7.22,307,2.15
2026-08-31T06:39:27.928962+00:00,ESP32_Node_1,LEAK,1.91,154,1.48,7.15,313,2.03
2026-08-31T06:39:31.938644+00:00,ESP32_Node_1,LEAK,1.9,148,1.43,7.15,321,2.02
2026-08-31T06:39:36.001765+00:00,ESP32_Node_1,SENSOR_FAULT,2.4,115,0.64,7.18,313,1.87
2026-08-31T06:39:40.275206+00:00,ESP32_Node_1,SENSOR_FAULT,2.45,114,0.79,7.16,319,1.94
2026-08-31T06:39:44.250583+00:00,ESP32_Node_1,SENSOR_FAULT,2.54,113,0.61,7.24,324,2.16
2026-08-31T06:39:48.260191+00:00,ESP32_Node_1,SENSOR_FAULT,2.55,116,1.47,7.16,322,2.05
2026-08-31T06:39:52.356804+00:00,ESP32_Node_1,SENSOR_FAULT,2.54,120,0.73,7.19,310,2.13
2026-08-31T06:39:56.337234+00:00,ESP32_Node_1,SENSOR_FAULT,2.43,118,0.33,7.15,295,1.9
2026-08-31T06:40:00.467104+00:00,ESP32_Node_1,NORMAL,2.48,120,0.8,7.24,303,1.87
2026-08-31T06:40:04.453170+00:00,ESP32_Node_1,NORMAL,2.53,121,0.84,7.22,321,2.03
2026-08-31T06:40:08.441715+00:00,ESP32_Node_1,NORMAL,2.56,123,0.79,7.17,314,2.05
2026-08-31T06:40:12.631733+00:00,ESP32_Node_1,NORMAL,2.54,121,0.83,7.22,298,2.16
2026-08-31T06:40:16.728230+00:00,ESP32_Node_1,NORMAL,2.53,114,0.77,7.17,308,1.81
2026-08-31T06:40:20.739803+00:00,ESP32_Node_1,NORMAL,2.51,116,0.76,7.22,321,2.05
2026-08-31T06:40:24.755090+00:00,ESP32_Node_1,EARLY_ANOMALY,2.3,128,1.08,7.2,317,2.34
2026-08-31T06:40:28.807458+00:00,ESP32_Node_1,EARLY_ANOMALY,2.33,132,1.03,7.25,327,2.52
2026-08-31T06:40:32.938781+00:00,ESP32_Node_1,EARLY_ANOMALY,2.2,131,0.92,7.17,311,2.44
2026-08-31T06:40:36.982680+00:00,ESP32_Node_1,EARLY_ANOMALY,2.22,130,1.02,7.18,331,2.55
2026-08-31T06:40:41.098611+00:00,ESP32_Node_1,EARLY_ANOMALY,2.33,126,0.99,7.25,327,2.6
2026-08-31T06:40:45.205709+00:00,ESP32_Node_1,EARLY_ANOMALY,2.4,127,0.95,7.22,312,2.34
2026-08-31T06:40:49.392710+00:00,ESP32_Node_1,LEAK,1.93,142,1.41,7.19,303,2.11
2026-08-31T06:40:53.591153+00:00,ESP32_Node_1,LEAK,2.0,153,1.42,7.2,311,2.31
2026-08-31T06:40:57.590872+00:00,ESP32_Node_1,LEAK,1.84,155,1.5,7.2,323,2.35
2026-08-31T06:41:02.144194+00:00,ESP32_Node_1,LEAK,2.0,149,1.37,7.24,317,2.16
2026-08-31T06:41:05.981305+00:00,ESP32_Node_1,LEAK,1.92,155,1.3,7.2,304,2.1
2026-08-31T06:41:09.974982+00:00,ESP32_Node_1,LEAK,1.85,151,1.43,7.19,314,2.2
2026-08-31T06:41:14.070924+00:00,ESP32_Node_1,SENSOR_FAULT,2.43,113,1.09,7.2,303,2.04
2026-08-31T06:41:18.100407+00:00,ESP32_Node_1,SENSOR_FAULT,2.44,121,1.39,7.2,297,1.82
2026-08-31T06:41:22.263082+00:00,ESP32_Node_1,SENSOR_FAULT,2.47,120,1.42,7.16,308,2.1
2026-08-31T06:41:26.461076+00:00,ESP32_Node_1,SENSOR_FAULT,2.54,116,1.04,7.24,300,1.98
2026-08-31T06:41:30.557150+00:00,ESP32_Node_1,SENSOR_FAULT,2.54,121,1.62,7.2,325,1.89
2026-08-31T06:41:34.652748+00:00,ESP32_Node_1,SENSOR_FAULT,2.57,117,0.26,7.18,299,1.91
2026-08-31T06:41:38.962822+00:00,ESP32_Node_1,NORMAL,2.42,119,0.84,7.19,298,2.2
2026-08-31T06:41:42.987799+00:00,ESP32_Node_1,NORMAL,2.51,118,0.76,7.23,312,2.2
2026-08-31T06:41:47.658960+00:00,ESP32_Node_1,NORMAL,2.42,114,0.75,7.22,297,2.14
2026-08-31T06:41:51.082250+00:00,ESP32_Node_1,NORMAL,2.59,120,0.75,7.21,320,1.89
2026-08-31T06:41:55.117500+00:00,ESP32_Node_1,NORMAL,2.45,121,0.81,7.22,306,1.83
2026-08-31T06:41:59.162843+00:00,ESP32_Node_1,NORMAL,2.49,122,0.8,7.19,323,2.2
2026-08-31T06:42:03.248811+00:00,ESP32_Node_1,EARLY_ANOMALY,2.4,127,1.07,7.16,334,2.62
2026-08-31T06:42:07.297895+00:00,ESP32_Node_1,EARLY_ANOMALY,2.28,127,1.02,7.24,332,2.54
2026-08-31T06:42:11.311812+00:00,ESP32_Node_1,EARLY_ANOMALY,2.38,125,1.02,7.23,330,2.46
2026-08-31T06:42:15.343815+00:00,ESP32_Node_1,EARLY_ANOMALY,2.25,129,0.95,7.2,332,2.38
2026-08-31T06:42:19.452654+00:00,ESP32_Node_1,EARLY_ANOMALY,2.39,124,1.08,7.22,331,2.61
2026-08-31T06:42:23.476049+00:00,ESP32_Node_1,EARLY_ANOMALY,2.2,128,0.97,7.16,333,2.42
2026-08-31T06:42:27.461808+00:00,ESP32_Node_1,LEAK,1.96,145,1.32,7.21,330,2.31
2026-08-31T06:42:47.321936+00:00,ESP32_Node_1,LEAK,1.89,144,1.47,7.22,302,2.4
2026-08-31T06:42:47.576967+00:00,ESP32_Node_1,LEAK,1.8,144,1.37,7.24,330,2.2
2026-08-31T06:42:47.578833+00:00,ESP32_Node_1,LEAK,1.87,144,1.45,7.24,318,2.38
2026-08-31T06:42:47.580188+00:00,ESP32_Node_1,LEAK,1.94,150,1.38,7.18,313,2.23
2026-08-31T06:42:47.885181+00:00,ESP32_Node_1,LEAK,2.0,157,1.39,7.16,327,2.24
2026-08-31T06:42:51.828696+00:00,ESP32_Node_1,SENSOR_FAULT,2.49,117,0.72,7.17,301,2.03
2026-08-31T06:42:55.960134+00:00,ESP32_Node_1,SENSOR_FAULT,2.45,123,0.72,7.18,321,1.97
2026-08-31T06:42:59.983949+00:00,ESP32_Node_1,SENSOR_FAULT,2.45,113,1.02,7.19,320,2.2
2026-08-31T06:43:04.047534+00:00,ESP32_Node_1,SENSOR_FAULT,2.55,114,0.63,7.15,317,1.99
2026-08-31T06:43:08.103893+00:00,ESP32_Node_1,SENSOR_FAULT,2.54,116,0.35,7.17,302,1.84
2026-08-31T06:43:12.239277+00:00,ESP32_Node_1,SENSOR_FAULT,2.55,117,1.49,7.2,325,2.12
2026-08-31T06:43:16.335271+00:00,ESP32_Node_1,NORMAL,2.4,122,0.76,7.23,295,1.93
2026-08-31T06:43:20.413727+00:00,ESP32_Node_1,NORMAL,2.41,123,0.75,7.2,314,2.12
2026-08-31T06:43:24.629663+00:00,ESP32_Node_1,NORMAL,2.59,116,0.76,7.22,324,2.02
2026-08-31T06:43:28.718433+00:00,ESP32_Node_1,NORMAL,2.57,121,0.82,7.16,309,2.16
2026-08-31T06:43:32.821872+00:00,ESP32_Node_1,NORMAL,2.45,119,0.84,7.24,314,2.09
2026-08-31T06:43:36.881494+00:00,ESP32_Node_1,NORMAL,2.46,113,0.77,7.2,317,2.08
2026-08-31T06:43:40.845678+00:00,ESP32_Node_1,EARLY_ANOMALY,2.32,131,1.02,7.23,334,2.42
2026-08-31T06:43:45.009131+00:00,ESP32_Node_1,EARLY_ANOMALY,2.38,129,0.98,7.21,312,2.5
2026-08-31T06:43:49.044395+00:00,ESP32_Node_1,EARLY_ANOMALY,2.24,128,0.98,7.19,318,2.3
2026-08-31T06:43:53.138020+00:00,ESP32_Node_1,EARLY_ANOMALY,2.33,133,0.92,7.16,334,2.68
2026-08-31T06:43:57.192546+00:00,ESP32_Node_1,EARLY_ANOMALY,2.35,124,0.92,7.24,325,2.3
2026-08-31T06:44:01.288357+00:00,ESP32_Node_1,EARLY_ANOMALY,2.23,123,1.07,7.19,315,2.47
2026-08-31T06:44:05.332191+00:00,ESP32_Node_1,LEAK,1.82,157,1.38,7.18,320,2.06
2026-08-31T06:44:09.480262+00:00,ESP32_Node_1,LEAK,1.95,142,1.49,7.2,311,2.33
2026-08-31T06:44:13.576219+00:00,ESP32_Node_1,LEAK,1.96,155,1.43,7.19,304,2.05
2026-08-31T06:44:17.504163+00:00,ESP32_Node_1,LEAK,2.0,156,1.5,7.18,312,2.27
2026-08-31T06:44:21.605834+00:00,ESP32_Node_1,LEAK,1.82,154,1.44,7.22,307,2.19
2026-08-31T06:44:25.623121+00:00,ESP32_Node_1,LEAK,1.98,150,1.37,7.16,326,2.37
2026-08-31T06:44:29.725485+00:00,ESP32_Node_1,SENSOR_FAULT,2.53,122,0.65,7.24,307,2.13
2026-08-31T06:44:33.851285+00:00,ESP32_Node_1,SENSOR_FAULT,2.5,115,1.43,7.16,310,2.15
2026-08-31T06:44:37.907483+00:00,ESP32_Node_1,SENSOR_FAULT,2.54,115,0.62,7.16,315,1.94
2026-08-31T06:44:41.986465+00:00,ESP32_Node_1,SENSOR_FAULT,2.47,123,0.2,7.24,313,1.98
2026-08-31T06:44:46.165963+00:00,ESP32_Node_1,SENSOR_FAULT,2.49,117,0.93,7.17,306,1.9
2026-08-31T06:44:50.439920+00:00,ESP32_Node_1,SENSOR_FAULT,2.44,121,1.02,7.2,303,2.0
2026-08-31T06:44:54.330862+00:00,ESP32_Node_1,NORMAL,2.49,113,0.85,7.15,322,2.2
2026-08-31T06:44:58.427066+00:00,ESP32_Node_1,NORMAL,2.49,122,0.82,7.17,295,2.12
2026-08-31T06:45:02.420752+00:00,ESP32_Node_1,NORMAL,2.5,116,0.75,7.17,314,1.87
2026-08-31T06:45:06.414080+00:00,ESP32_Node_1,NORMAL,2.5,118,0.76,7.2,323,1.83
2026-08-31T06:45:10.435175+00:00,ESP32_Node_1,NORMAL,2.43,114,0.77,7.25,325,2.11
2026-08-31T06:45:14.606185+00:00,ESP32_Node_1,NORMAL,2.44,121,0.8,7.15,313,2.07
2026-08-31T06:45:18.704459+00:00,ESP32_Node_1,EARLY_ANOMALY,2.27,133,1.06,7.18,310,2.47
2026-08-31T06:45:22.792083+00:00,ESP32_Node_1,EARLY_ANOMALY,2.23,126,1.08,7.15,305,2.37
2026-08-31T06:45:26.898018+00:00,ESP32_Node_1,EARLY_ANOMALY,2.3,124,1.01,7.23,315,2.43
2026-08-31T06:45:30.887381+00:00,ESP32_Node_1,EARLY_ANOMALY,2.34,125,1.0,7.22,317,2.69
2026-08-31T06:45:34.983512+00:00,ESP32_Node_1,EARLY_ANOMALY,2.33,129,0.96,7.24,312,2.54
2026-08-31T06:45:38.976851+00:00,ESP32_Node_1,EARLY_ANOMALY,2.25,123,0.96,7.22,325,2.59
2026-08-31T06:45:43.073016+00:00,ESP32_Node_1,LEAK,1.81,146,1.45,7.24,302,2.11
2026-08-31T06:45:47.112523+00:00,ESP32_Node_1,LEAK,1.97,147,1.44,7.24,314,2.24
2026-08-31T06:45:51.162631+00:00,ESP32_Node_1,LEAK,1.87,145,1.38,7.17,306,2.22
2026-08-31T06:45:55.296994+00:00,ESP32_Node_1,LEAK,2.0,142,1.33,7.18,329,2.3
2026-08-31T06:45:59.354504+00:00,ESP32_Node_1,LEAK,1.93,143,1.39,7.23,301,2.15
2026-08-31T06:46:03.374761+00:00,ESP32_Node_1,LEAK,1.89,146,1.45,7.21,315,2.36
2026-08-31T06:46:07.446126+00:00,ESP32_Node_1,SENSOR_FAULT,2.58,117,0.47,7.18,307,2.0
2026-08-31T06:46:11.466800+00:00,ESP32_Node_1,SENSOR_FAULT,2.57,115,0.45,7.23,300,1.9
2026-08-31T06:46:15.502586+00:00,ESP32_Node_1,SENSOR_FAULT,2.58,118,0.68,7.22,321,1.83
2026-08-31T06:46:19.732915+00:00,ESP32_Node_1,SENSOR_FAULT,2.41,117,1.62,7.22,319,1.98
2026-08-31T06:46:25.654317+00:00,ESP32_Node_1,SENSOR_FAULT,2.56,117,0.7,7.24,304,1.83
2026-08-31T06:47:48.281009+00:00,ESP32_Node_1,SENSOR_FAULT,2.57,123,0.75,7.17,298,1.94
2026-08-31T06:47:52.511266+00:00,ESP32_Node_1,NORMAL,2.44,123,0.85,7.24,307,1.89
2026-08-31T06:47:56.483987+00:00,ESP32_Node_1,NORMAL,2.53,117,0.79,7.15,325,1.94
2026-08-31T06:48:00.597224+00:00,ESP32_Node_1,NORMAL,2.52,119,0.83,7.22,307,2.04
2026-08-31T06:48:04.690735+00:00,ESP32_Node_1,NORMAL,2.56,115,0.79,7.19,315,2.04
2026-08-31T06:48:08.726492+00:00,ESP32_Node_1,NORMAL,2.45,114,0.77,7.24,317,1.89
2026-08-31T06:48:12.869442+00:00,ESP32_Node_1,NORMAL,2.4,116,0.75,7.19,299,1.93
2026-08-31T06:48:17.036108+00:00,ESP32_Node_1,EARLY_ANOMALY,2.26,126,0.95,7.19,312,2.37
2026-08-31T06:48:21.279424+00:00,ESP32_Node_1,EARLY_ANOMALY,2.25,130,0.98,7.22,316,2.5
2026-08-31T06:48:25.278573+00:00,ESP32_Node_1,EARLY_ANOMALY,2.23,123,1.05,7.25,310,2.45
2026-08-31T06:48:29.312765+00:00,ESP32_Node_1,EARLY_ANOMALY,2.35,124,1.0,7.16,318,2.4
2026-08-31T06:48:33.323471+00:00,ESP32_Node_1,EARLY_ANOMALY,2.23,133,0.93,7.19,312,2.7
2026-08-31T06:48:37.463350+00:00,ESP32_Node_1,EARLY_ANOMALY,2.4,133,0.99,7.24,326,2.33
2026-08-31T06:48:41.451887+00:00,ESP32_Node_1,LEAK,1.99,154,1.48,7.21,323,2.14
2026-08-31T06:48:45.538531+00:00,ESP32_Node_1,LEAK,1.86,150,1.43,7.15,328,2.38
2026-08-31T06:48:49.734596+00:00,ESP32_Node_1,LEAK,1.8,157,1.44,7.25,300,2.38
2026-08-31T06:48:54.010831+00:00,ESP32_Node_1,LEAK,1.86,145,1.4,7.18,320,2.04
2026-08-31T06:48:58.245604+00:00,ESP32_Node_1,LEAK,1.99,148,1.47,7.17,307,2.18
2026-08-31T06:49:02.234880+00:00,ESP32_Node_1,LEAK,1.81,144,1.48,7.16,315,2.16
2026-08-31T06:49:06.411249+00:00,ESP32_Node_1,SENSOR_FAULT,2.6,116,1.5,7.15,298,2.18
2026-08-31T06:49:11.179105+00:00,ESP32_Node_1,SENSOR_FAULT,2.47,121,1.79,7.22,302,1.85
2026-08-31T11:22:44.530410+00:00,ESP32_Node_1,NORMAL,2.48,123,0.82,7.24,318,2.18
2026-08-31T11:22:54.744732+00:00,ESP32_Node_1,NORMAL,2.55,122,0.84,7.19,306,2.11
2026-08-31T11:22:59.274726+00:00,ESP32_Node_1,NORMAL,2.41,117,0.81,7.15,301,2.06
2026-08-31T11:23:03.175204+00:00,ESP32_Node_1,NORMAL,2.4,115,0.85,7.25,317,2.04
2026-08-31T11:24:14.773318+00:00,ESP32_Node_1,EARLY_ANOMALY,2.35,131,0.95,7.24,305,2.54
2026-08-31T11:24:58.177570+00:00,ESP32_Node_1,EARLY_ANOMALY,2.35,132,1.06,7.2,333,2.56
2026-08-31T11:26:38.207706+00:00,ESP32_Node_1,EARLY_ANOMALY,2.27,128,1.05,7.25,309,2.55
2026-08-31T11:27:36.646785+00:00,ESP32_Node_1,EARLY_ANOMALY,2.3,128,1.05,7.22,308,2.67
2026-08-31T11:27:44.423014+00:00,ESP32_Node_1,LEAK,1.86,150,1.41,7.24,309,2.0
2026-08-31T11:27:48.951729+00:00,ESP32_Node_1,LEAK,1.84,150,1.41,7.16,328,2.1
2026-08-31T13:03:17.792587+00:00,ESP32_Node_1,NORMAL,2.44,114,0.78,7.2,306,2.18
2026-08-31T13:03:22.573267+00:00,ESP32_Node_1,NORMAL,2.42,119,0.84,7.18,313,2.08
2026-08-31T13:03:43.029118+00:00,ESP32_Node_1,NORMAL,2.54,118,0.85,7.18,320,1.91
2026-08-31T13:09:48.223778+00:00,ESP32_Node_1,EARLY_ANOMALY,2.3,129,1.08,7.18,321,2.51
2026-08-31T13:09:53.654134+00:00,ESP32_Node_1,EARLY_ANOMALY,2.32,128,1.08,7.15,330,2.3
2026-08-31T13:12:54.255595+00:00,ESP32_Node_1,EARLY_ANOMALY,2.32,131,0.97,7.22,323,2.65
2026-08-31T13:21:39.012245+00:00,ESP32_Node_1,EARLY_ANOMALY,2.25,125,1.07,7.16,315,2.3
2026-08-31T13:21:44.708799+00:00,ESP32_Node_1,EARLY_ANOMALY,2.4,131,1.06,7.18,335,2.66
2026-08-31T13:22:18.835635+00:00,ESP32_Node_1,LEAK,1.8,158,1.4,7.2,314,2.25
2026-08-31T13:22:24.223578+00:00,ESP32_Node_1,LEAK,1.83,150,1.34,7.24,313,2.12
2026-08-31T13:22:29.706178+00:00,ESP32_Node_1,LEAK,1.88,150,1.31,7.23,314,2.11
2026-08-31T13:22:35.103762+00:00,ESP32_Node_1,LEAK,1.94,157,1.36,7.17,310,2.16
2026-08-31T13:22:40.250514+00:00,ESP32_Node_1,LEAK,1.81,143,1.45,7.25,303,2.36
2026-08-31T13:22:45.503640+00:00,ESP32_Node_1,LEAK,1.91,155,1.38,7.25,311,2.38
2026-08-31T13:22:50.868045+00:00,ESP32_Node_1,SENSOR_FAULT,2.6,118,0.75,7.21,299,2.02
2026-08-31T13:22:56.201215+00:00,ESP32_Node_1,SENSOR_FAULT,2.47,123,0.35,7.22,313,1.93
